{
  "metrics": {
    "Variant": "0.50% stop, ATR\u00d73.0",
    "Capital_Risked": "5.0%",
    "Trades": 1238,
    "Win_rate_pct": 28.0,
    "Win_Loss_ratio": 3.0,
    "Cum_return_pct": 1508.0,
    "Max_DD_pct": 11.0,
    "Max_consec_losses": 26,
    "Max_consec_wins": 7,
    "Win_rate_30d_pct": 27.0,
    "Trades_30d": 15,
    "PnL_30d": -6836.0,
    "Win_rate_7d_pct": 20.0,
    "Trades_7d": 10,
    "PnL_7d": -17083.0,
    "Win_rate_3m_pct": 27.0,
    "Trades_3m": 15,
    "PnL_3m": -6836.0
  },
  "live_position": null,
  "equity_curve": [
    1308843.428314886,
    1315302.351827634,
    1344345.5345640464,
    1352886.3847828398,
    1347886.3847828398,
    1342886.3847828398,
    1337886.3847828398,
    1332886.3847828398,
    1327886.3847828398,
    1322886.3847828398,
    1317886.3847828398,
    1312886.3847828398,
    1307886.3847828398,
    1302886.3847828398,
    1297886.3847828398,
    1292886.3847828398,
    1287886.3847828398,
    1282886.3847828398,
    1277886.3847828398,
    1273363.7565156568,
    1277808.8729353726,
    1275020.0342555223,
    1270298.9083340093,
    1265298.9083340093,
    1262381.1212752531,
    1252984.6092842927,
    1247984.6092842927,
    1242984.6092842927,
    1237984.6092842927,
    1232984.6092842927,
    1246558.5952733713,
    1241558.5952733713,
    1243790.517410366,
    1238790.517410366,
    1236220.046061013,
    1250078.1115423988,
    1245078.1115423988,
    1240078.1115423988,
    1250962.295170838,
    1245962.295170838,
    1243985.175426807,
    1253122.479463723,
    1268958.0433908904,
    1263958.0433908904,
    1258958.0433908904,
    1258859.9079640012,
    1253859.9079640012,
    1248859.9079640012,
    1243859.9079640012,
    1238859.9079640012,
    1233859.9079640012,
    1228859.9079640012,
    1238019.7310846583,
    1233019.7310846583,
    1245991.8270961957,
    1240991.8270961957,
    1242202.9026308109,
    1263665.9513950713,
    1258665.9513950713,
    1253665.9513950713,
    1259247.920051525,
    1254247.920051525,
    1249247.920051525,
    1244247.920051525,
    1270109.0453525544,
    1265109.0453525544,
    1284143.801694401,
    1304346.2131061256,
    1295952.783962084,
    1290952.783962084,
    1285952.783962084,
    1280952.783962084,
    1275952.783962084,
    1284923.0429963022,
    1279923.0429963022,
    1274923.0429963022,
    1269923.0429963022,
    1264923.0429963022,
    1259923.0429963022,
    1254923.0429963022,
    1249923.0429963022,
    1256424.5630276059,
    1251424.5630276059,
    1262460.057673752,
    1285960.6704611583,
    1304322.1663496704,
    1299322.1663496704,
    1294322.1663496704,
    1289322.1663496704,
    1300764.430839711,
    1295764.430839711,
    1290764.430839711,
    1285764.430839711,
    1280764.430839711,
    1314086.106922482,
    1309086.106922482,
    1361105.8554563972,
    1356105.8554563972,
    1351105.8554563972,
    1346105.8554563972,
    1341105.8554563972,
    1338852.6771592738,
    1333852.6771592738,
    1328852.6771592738,
    1323852.6771592738,
    1318852.6771592738,
    1313852.6771592738,
    1315640.620349909,
    1310640.620349909,
    1328876.9371174888,
    1323876.9371174888,
    1318876.9371174888,
    1313876.9371174888,
    1308876.9371174888,
    1303876.9371174888,
    1303860.5019132814,
    1305014.5520052935,
    1300014.5520052935,
    1311732.8654621963,
    1306732.8654621963,
    1301732.8654621963,
    1324180.7812530857,
    1319180.7812530857,
    1314180.7812530857,
    1309180.7812530857,
    1312523.0733073894,
    1307523.0733073894,
    1302523.0733073894,
    1297523.0733073894,
    1292523.0733073894,
    1287523.0733073894,
    1282523.0733073894,
    1287174.4071187254,
    1281866.724565241,
    1281304.4035853967,
    1276304.4035853967,
    1289813.2876760592,
    1305985.5185227133,
    1300985.5185227133,
    1326657.0790609827,
    1321657.0790609827,
    1346562.9105341972,
    1341562.9105341972,
    1335296.6086065935,
    1330296.6086065935,
    1325296.6086065935,
    1320296.6086065935,
    1317450.7414032475,
    1312450.7414032475,
    1324170.3044458353,
    1319170.3044458353,
    1332613.343582055,
    1327613.343582055,
    1322613.343582055,
    1317613.343582055,
    1312613.343582055,
    1307613.343582055,
    1302613.343582055,
    1298319.0546609953,
    1293319.0546609953,
    1288319.0546609953,
    1283319.0546609953,
    1295187.3736159285,
    1324555.513633727,
    1319555.513633727,
    1314555.513633727,
    1315507.1015961394,
    1310507.1015961394,
    1305507.1015961394,
    1300507.1015961394,
    1305431.8089577537,
    1300431.8089577537,
    1295431.8089577537,
    1306957.2985638117,
    1301957.2985638117,
    1296957.2985638117,
    1291957.2985638117,
    1286488.881611719,
    1303801.7498738852,
    1298801.7498738852,
    1309368.1181638308,
    1304368.1181638308,
    1299368.1181638308,
    1298008.0023021093,
    1293008.0023021093,
    1288008.0023021093,
    1295343.3243227461,
    1290343.3243227461,
    1285343.3243227461,
    1280343.3243227461,
    1281908.9345752567,
    1276908.9345752567,
    1271908.9345752567,
    1266908.9345752567,
    1261908.9345752567,
    1283936.136811693,
    1278936.136811693,
    1273936.136811693,
    1275729.5524144087,
    1270729.5524144087,
    1265729.5524144087,
    1260729.5524144087,
    1272453.7900807173,
    1267453.7900807173,
    1262453.7900807173,
    1257453.7900807173,
    1254735.832818252,
    1253356.7838356954,
    1248356.7838356954,
    1243356.7838356954,
    1267383.1890929579,
    1262383.1890929579,
    1257383.1890929579,
    1252383.1890929579,
    1242314.5530454265,
    1237314.5530454265,
    1255344.5552966185,
    1250344.5552966185,
    1258052.0051786073,
    1272267.1925999979,
    1290405.0181207436,
    1305894.6133986728,
    1312794.455933387,
    1307794.455933387,
    1302794.455933387,
    1299572.2045557955,
    1294572.2045557955,
    1289572.2045557955,
    1284572.2045557955,
    1279572.2045557955,
    1274572.2045557955,
    1269572.2045557955,
    1279165.7783181,
    1274165.7783181,
    1269165.7783181,
    1285723.3165479181,
    1282853.504484347,
    1281893.6645938097,
    1280562.9108753768,
    1303396.5457595917,
    1314985.4598536843,
    1327819.8289431199,
    1322819.8289431199,
    1317819.8289431199,
    1312819.8289431199,
    1332186.3845355818,
    1348050.6940583866,
    1343050.6940583866,
    1352924.40469101,
    1347924.40469101,
    1342924.40469101,
    1337924.40469101,
    1372515.0026827168,
    1367515.0026827168,
    1388543.832062724,
    1383543.832062724,
    1381981.8411471865,
    1377783.1743912543,
    1372783.1743912543,
    1367783.1743912543,
    1362783.1743912543,
    1371361.4427780078,
    1375843.3755874871,
    1376520.4502325135,
    1371520.4502325135,
    1407882.1201438264,
    1402882.1201438264,
    1397882.1201438264,
    1390250.9305700783,
    1417396.2086474164,
    1420240.2729606372,
    1415240.2729606372,
    1410240.2729606372,
    1405240.2729606372,
    1400240.2729606372,
    1395240.2729606372,
    1390240.2729606372,
    1385240.2729606372,
    1391698.9984804036,
    1394675.0024901773,
    1392597.197968381,
    1401471.5204920908,
    1396471.5204920908,
    1391471.5204920908,
    1386471.5204920908,
    1381471.5204920908,
    1376471.5204920908,
    1371471.5204920908,
    1366471.5204920908,
    1361471.5204920908,
    1356471.5204920908,
    1357973.8390309382,
    1352973.8390309382,
    1347973.8390309382,
    1342973.8390309382,
    1337973.8390309382,
    1367308.4198351004,
    1362308.4198351004,
    1357308.4198351004,
    1400449.521777925,
    1397381.181471091,
    1392381.181471091,
    1387381.181471091,
    1382381.181471091,
    1377381.181471091,
    1372381.181471091,
    1391758.7336099728,
    1386758.7336099728,
    1381758.7336099728,
    1376758.7336099728,
    1388289.0186242056,
    1383289.0186242056,
    1378289.0186242056,
