{
  "metrics": {
    "Variant": "0.50% stop, ATR\u00d73.0",
    "Capital_Risked": "5.0%",
    "Trades": 1235,
    "Win_rate_pct": 28.0,
    "Win_Loss_ratio": 3.0,
    "Cum_return_pct": 1490.0,
    "Max_DD_pct": 11.0,
    "Max_consec_losses": 25,
    "Max_consec_wins": 7,
    "Win_rate_30d_pct": 30.0,
    "Trades_30d": 20,
    "PnL_30d": -8971.0,
    "Win_rate_7d_pct": 25.0,
    "Trades_7d": 4,
    "PnL_7d": -3921.0,
    "Win_rate_3m_pct": 30.0,
    "Trades_3m": 20,
    "PnL_3m": -8971.0
  },
  "live_position": null,
  "equity_curve": [
    1327747.5214272318,
    1322747.5214272318,
    1317747.5214272318,
    1312747.5214272318,
    1307747.5214272318,
    1302747.5214272318,
    1297747.5214272318,
    1292747.5214272318,
    1287747.5214272318,
    1282747.5214272318,
    1277747.5214272318,
    1272747.5214272318,
    1267747.5214272318,
    1262747.5214272318,
    1257747.5214272318,
    1252747.5214272318,
    1248224.8931600489,
    1252670.0095797647,
    1249881.1708999143,
    1245160.0449784014,
    1240160.0449784014,
    1237242.2579196452,
    1227845.7459286847,
    1222845.7459286847,
    1217845.7459286847,
    1212845.7459286847,
    1207845.7459286847,
    1221419.7319177634,
    1216419.7319177634,
    1218651.6540547581,
    1213651.6540547581,
    1211081.182705405,
    1224939.2481867909,
    1219939.2481867909,
    1214939.2481867909,
    1225823.43181523,
    1220823.43181523,
    1218846.312071199,
    1227983.616108115,
    1243819.1800352824,
    1238819.1800352824,
    1233819.1800352824,
    1233721.0446083932,
    1228721.0446083932,
    1223721.0446083932,
    1218721.0446083932,
    1213721.0446083932,
    1208721.0446083932,
    1203721.0446083932,
    1212880.8677290503,
    1207880.8677290503,
    1220852.9637405877,
    1215852.9637405877,
    1217064.039275203,
    1238527.0880394634,
    1233527.0880394634,
    1228527.0880394634,
    1234109.0566959172,
    1229109.0566959172,
    1224109.0566959172,
    1219109.0566959172,
    1244970.1819969465,
    1239970.1819969465,
    1259004.938338793,
    1279207.3497505176,
    1270813.920606476,
    1265813.920606476,
    1260813.920606476,
    1255813.920606476,
    1250813.920606476,
    1259784.1796406943,
    1254784.1796406943,
    1249784.1796406943,
    1244784.1796406943,
    1239784.1796406943,
    1234784.1796406943,
    1229784.1796406943,
    1224784.1796406943,
    1231285.699671998,
    1226285.699671998,
    1237321.1943181441,
    1260821.8071055503,
    1279183.3029940624,
    1274183.3029940624,
    1269183.3029940624,
    1264183.3029940624,
    1275625.5674841031,
    1270625.5674841031,
    1265625.5674841031,
    1260625.5674841031,
    1255625.5674841031,
    1288947.243566874,
    1283947.243566874,
    1335966.9921007892,
    1330966.9921007892,
    1325966.9921007892,
    1320966.9921007892,
    1315966.9921007892,
    1313713.8138036658,
    1308713.8138036658,
    1303713.8138036658,
    1298713.8138036658,
    1293713.8138036658,
    1288713.8138036658,
    1290501.756994301,
    1285501.756994301,
    1303738.0737618809,
    1298738.0737618809,
    1293738.0737618809,
    1288738.0737618809,
    1283738.0737618809,
    1278738.0737618809,
    1278721.6385576734,
    1279875.6886496856,
    1274875.6886496856,
    1286594.0021065883,
    1281594.0021065883,
    1276594.0021065883,
    1299041.9178974777,
    1294041.9178974777,
    1289041.9178974777,
    1284041.9178974777,
    1287384.2099517814,
    1282384.2099517814,
    1277384.2099517814,
    1272384.2099517814,
    1267384.2099517814,
    1262384.2099517814,
    1257384.2099517814,
    1262035.5437631174,
    1256727.861209633,
    1256165.5402297887,
    1251165.5402297887,
    1264674.4243204512,
    1280846.6551671054,
    1275846.6551671054,
    1301518.2157053747,
    1296518.2157053747,
    1321424.0471785893,
    1316424.0471785893,
    1310157.7452509855,
    1305157.7452509855,
    1300157.7452509855,
    1295157.7452509855,
    1292311.8780476395,
    1287311.8780476395,
    1299031.4410902273,
    1294031.4410902273,
    1307474.480226447,
    1302474.480226447,
    1297474.480226447,
    1292474.480226447,
    1287474.480226447,
    1282474.480226447,
    1278180.1913053873,
    1273180.1913053873,
    1268180.1913053873,
    1263180.1913053873,
    1275048.5102603205,
    1304416.6502781191,
    1299416.6502781191,
    1294416.6502781191,
    1295368.2382405314,
    1290368.2382405314,
    1285368.2382405314,
    1280368.2382405314,
    1285292.9456021457,
    1280292.9456021457,
    1275292.9456021457,
    1286818.4352082037,
    1281818.4352082037,
    1276818.4352082037,
    1271818.4352082037,
    1266350.018256111,
    1283662.8865182772,
    1278662.8865182772,
    1289229.2548082229,
    1284229.2548082229,
    1279229.2548082229,
    1277869.1389465013,
    1272869.1389465013,
    1267869.1389465013,
    1275204.4609671382,
    1270204.4609671382,
    1265204.4609671382,
    1260204.4609671382,
    1261770.0712196487,
    1256770.0712196487,
    1251770.0712196487,
    1246770.0712196487,
    1241770.0712196487,
    1263797.273456085,
    1258797.273456085,
    1253797.273456085,
    1255590.6890588007,
    1250590.6890588007,
    1245590.6890588007,
    1240590.6890588007,
    1252314.9267251093,
    1247314.9267251093,
    1242314.9267251093,
    1237314.9267251093,
    1234596.969462644,
    1233217.9204800874,
    1228217.9204800874,
    1223217.9204800874,
    1247244.32573735,
    1242244.32573735,
    1237244.32573735,
    1232244.32573735,
    1222175.6896898185,
    1217175.6896898185,
    1235205.6919410105,
    1230205.6919410105,
    1237913.1418229993,
    1252128.32924439,
    1270266.1547651356,
    1285755.7500430648,
    1292655.592577779,
    1287655.592577779,
    1282655.592577779,
    1279433.3412001876,
    1274433.3412001876,
    1269433.3412001876,
    1264433.3412001876,
    1259433.3412001876,
    1254433.3412001876,
    1249433.3412001876,
    1259026.914962492,
    1254026.914962492,
    1249026.914962492,
    1265584.4531923102,
    1262714.641128739,
    1261754.8012382018,
    1260424.0475197688,
    1283257.6824039838,
    1294846.5964980763,
    1307680.965587512,
    1302680.965587512,
    1297680.965587512,
    1292680.965587512,
    1312047.5211799738,
    1327911.8307027787,
    1322911.8307027787,
    1332785.541335402,
    1327785.541335402,
    1322785.541335402,
    1317785.541335402,
    1352376.1393271089,
    1347376.1393271089,
    1368404.968707116,
    1363404.968707116,
    1361842.9777915785,
    1357644.3110356464,
    1352644.3110356464,
    1347644.3110356464,
    1342644.3110356464,
    1351222.5794223999,
    1355704.5122318792,
    1356381.5868769055,
    1351381.5868769055,
    1387743.2567882184,
    1382743.2567882184,
    1377743.2567882184,
    1370112.0672144704,
    1397257.3452918085,
    1400101.4096050293,
    1395101.4096050293,
    1390101.4096050293,
    1385101.4096050293,
    1380101.4096050293,
    1375101.4096050293,
    1370101.4096050293,
    1365101.4096050293,
    1371560.1351247956,
    1374536.1391345693,
    1372458.334612773,
    1381332.657136483,
    1376332.657136483,
    1371332.657136483,
    1366332.657136483,
    1361332.657136483,
    1356332.657136483,
    1351332.657136483,
    1346332.657136483,
    1341332.657136483,
    1336332.657136483,
    1337834.9756753303,
    1332834.9756753303,
    1327834.9756753303,
    1322834.9756753303,
    1317834.9756753303,
    1347169.5564794925,
    1342169.5564794925,
    1337169.5564794925,
    1380310.6584223171,
    1377242.318115483,
    1372242.318115483,
    1367242.318115483,
    1362242.318115483,
    1357242.318115483,
    1352242.318115483,
    1371619.8702543648,
    1366619.8702543648,
    1361619.8702543648,
    1356619.8702543648,
    1368150.1552685976,
    1363150.1552685976,
    1358150.1552685976,
    1368848.4547310597,
    1363848.4547310597,
    1358848.4547310597,
    1353848.4547310597,
