{
  "metrics": {
    "Variant": "0.50% stop, ATR\u00d73.0",
    "Capital_Risked": "5.0%",
    "Trades": 1238,
    "Win_rate_pct": 28.0,
    "Win_Loss_ratio": 3.0,
    "Cum_return_pct": 1542.0,
    "Max_DD_pct": 11.0,
    "Max_consec_losses": 26,
    "Max_consec_wins": 7,
    "Win_rate_30d_pct": 30.0,
    "Trades_30d": 10,
    "PnL_30d": -1916.0,
    "Win_rate_7d_pct": 30.0,
    "Trades_7d": 10,
    "PnL_7d": -1916.0,
    "Win_rate_3m_pct": 30.0,
    "Trades_3m": 10,
    "PnL_3m": -1916.0
  },
  "live_position": {
    "variant": "0.50% stop, ATR\u00d73.0",
    "entry_time": "2026-01-04 00:00:00",
    "position": "long",
    "entry_price": 91348.0,
    "stop_price": 90891.0,
    "tp_price": 92182.0
  },
  "equity_curve": [
    1332588.6025085156,
    1331271.1003655903,
    1331948.0844800794,
    1344973.160709998,
    1339973.160709998,
    1346432.084222746,
    1375475.2669591585,
    1384016.1171779518,
    1379016.1171779518,
    1374016.1171779518,
    1369016.1171779518,
    1364016.1171779518,
    1359016.1171779518,
    1354016.1171779518,
    1349016.1171779518,
    1344016.1171779518,
    1339016.1171779518,
    1334016.1171779518,
    1329016.1171779518,
    1324016.1171779518,
    1319016.1171779518,
    1314016.1171779518,
    1309016.1171779518,
    1304493.4889107689,
    1308938.6053304847,
    1306149.7666506344,
    1301428.6407291214,
    1296428.6407291214,
    1293510.8536703652,
    1284114.3416794047,
    1279114.3416794047,
    1274114.3416794047,
    1269114.3416794047,
    1264114.3416794047,
    1277688.3276684834,
    1272688.3276684834,
    1274920.2498054781,
    1269920.2498054781,
    1267349.778456125,
    1281207.8439375109,
    1276207.8439375109,
    1271207.8439375109,
    1282092.02756595,
    1277092.02756595,
    1275114.907821919,
    1284252.211858835,
    1300087.7757860024,
    1295087.7757860024,
    1290087.7757860024,
    1289989.6403591132,
    1284989.6403591132,
    1279989.6403591132,
    1274989.6403591132,
    1269989.6403591132,
    1264989.6403591132,
    1259989.6403591132,
    1269149.4634797703,
    1264149.4634797703,
    1277121.5594913077,
    1272121.5594913077,
    1273332.635025923,
    1294795.6837901834,
    1289795.6837901834,
    1284795.6837901834,
    1290377.6524466372,
    1285377.6524466372,
    1280377.6524466372,
    1275377.6524466372,
    1301238.7777476665,
    1296238.7777476665,
    1315273.5340895131,
    1335475.9455012376,
    1327082.516357196,
    1322082.516357196,
    1317082.516357196,
    1312082.516357196,
    1307082.516357196,
    1316052.7753914143,
    1311052.7753914143,
    1306052.7753914143,
    1301052.7753914143,
    1296052.7753914143,
    1291052.7753914143,
    1286052.7753914143,
    1281052.7753914143,
    1287554.295422718,
    1282554.295422718,
    1293589.7900688641,
    1317090.4028562703,
    1335451.8987447824,
    1330451.8987447824,
    1325451.8987447824,
    1320451.8987447824,
    1331894.1632348232,
    1326894.1632348232,
    1321894.1632348232,
    1316894.1632348232,
    1311894.1632348232,
    1345215.839317594,
    1340215.839317594,
    1392235.5878515092,
    1387235.5878515092,
    1382235.5878515092,
    1377235.5878515092,
    1372235.5878515092,
    1369982.4095543858,
    1364982.4095543858,
    1359982.4095543858,
    1354982.4095543858,
    1349982.4095543858,
    1344982.4095543858,
    1346770.352745021,
    1341770.352745021,
    1360006.6695126009,
    1355006.6695126009,
    1350006.6695126009,
    1345006.6695126009,
    1340006.6695126009,
    1335006.6695126009,
    1334990.2343083934,
    1336144.2844004056,
    1331144.2844004056,
    1342862.5978573083,
    1337862.5978573083,
    1332862.5978573083,
    1355310.5136481978,
    1350310.5136481978,
    1345310.5136481978,
    1340310.5136481978,
    1343652.8057025014,
    1338652.8057025014,
    1333652.8057025014,
    1328652.8057025014,
    1323652.8057025014,
    1318652.8057025014,
    1313652.8057025014,
    1318304.1395138374,
    1312996.456960353,
    1312434.1359805088,
    1307434.1359805088,
    1320943.0200711712,
    1337115.2509178254,
    1332115.2509178254,
    1357786.8114560947,
    1352786.8114560947,
    1377692.6429293093,
    1372692.6429293093,
    1366426.3410017055,
    1361426.3410017055,
    1356426.3410017055,
    1351426.3410017055,
    1348580.4737983595,
    1343580.4737983595,
    1355300.0368409473,
    1350300.0368409473,
    1363743.075977167,
    1358743.075977167,
    1353743.075977167,
    1348743.075977167,
    1343743.075977167,
    1338743.075977167,
    1333743.075977167,
    1329448.7870561073,
    1324448.7870561073,
    1319448.7870561073,
    1314448.7870561073,
    1326317.1060110405,
    1355685.2460288391,
    1350685.2460288391,
    1345685.2460288391,
    1346636.8339912514,
    1341636.8339912514,
    1336636.8339912514,
    1331636.8339912514,
    1336561.5413528658,
    1331561.5413528658,
    1326561.5413528658,
    1338087.0309589237,
    1333087.0309589237,
    1328087.0309589237,
    1323087.0309589237,
    1317618.614006831,
    1334931.4822689972,
    1329931.4822689972,
    1340497.8505589429,
    1335497.8505589429,
    1330497.8505589429,
    1329137.7346972213,
    1324137.7346972213,
    1319137.7346972213,
    1326473.0567178582,
    1321473.0567178582,
    1316473.0567178582,
    1311473.0567178582,
    1313038.6669703687,
    1308038.6669703687,
    1303038.6669703687,
    1298038.6669703687,
    1293038.6669703687,
    1315065.869206805,
    1310065.869206805,
    1305065.869206805,
    1306859.2848095207,
    1301859.2848095207,
    1296859.2848095207,
    1291859.2848095207,
    1303583.5224758293,
    1298583.5224758293,
    1293583.5224758293,
    1288583.5224758293,
    1285865.565213364,
    1284486.5162308074,
    1279486.5162308074,
    1274486.5162308074,
    1298512.92148807,
    1293512.92148807,
    1288512.92148807,
    1283512.92148807,
    1273444.2854405385,
    1268444.2854405385,
    1286474.2876917305,
    1281474.2876917305,
    1289181.7375737194,
    1303396.92499511,
    1321534.7505158556,
    1337024.3457937848,
    1343924.188328499,
    1338924.188328499,
    1333924.188328499,
    1330701.9369509076,
    1325701.9369509076,
    1320701.9369509076,
    1315701.9369509076,
    1310701.9369509076,
    1305701.9369509076,
    1300701.9369509076,
    1310295.510713212,
    1305295.510713212,
    1300295.510713212,
    1316853.0489430302,
    1313983.2368794591,
    1313023.3969889218,
    1311692.6432704888,
    1334526.2781547038,
    1346115.1922487963,
    1358949.561338232,
    1353949.561338232,
    1348949.561338232,
    1343949.561338232,
    1363316.1169306939,
    1379180.4264534987,
    1374180.4264534987,
    1384054.137086122,
    1379054.137086122,
    1374054.137086122,
    1369054.137086122,
    1403644.7350778289,
    1398644.7350778289,
    1419673.564457836,
    1414673.564457836,
    1413111.5735422985,
    1408912.9067863664,
    1403912.9067863664,
    1398912.9067863664,
    1393912.9067863664,
    1402491.1751731199,
    1406973.1079825992,
    1407650.1826276255,
    1402650.1826276255,
    1439011.8525389384,
    1434011.8525389384,
    1429011.8525389384,
    1421380.6629651904,
    1448525.9410425285,
    1451370.0053557493,
    1446370.0053557493,
    1441370.0053557493,
    1436370.0053557493,
    1431370.0053557493,
    1426370.0053557493,
    1421370.0053557493,
    1416370.0053557493,
    1422828.7308755156,
    1425804.7348852893,
    1423726.930363493,
    1432601.252887203,
    1427601.252887203,
    1422601.252887203,
    1417601.252887203,
    1412601.252887203,
    1407601.252887203,
    1402601.252887203,
    1397601.252887203,
    1392601.252887203,
    1387601.252887203,
    1389103.5714260503,
    1384103.5714260503,
    1379103.5714260503,
    1374103.5714260503,
    1369103.5714260503,
    1398438.1522302125,
    1393438.1522302125,
    1388438.1522302125,
    1431579.2541730371,
    1428510.913866203,
