{
  "metrics": {
    "Variant": "0.50% stop, ATR\u00d73.0",
    "Capital_Risked": "5.0%",
    "Trades": 1237,
    "Win_rate_pct": 28.0,
    "Win_Loss_ratio": 3.0,
    "Cum_return_pct": 1536.0,
    "Max_DD_pct": 11.0,
    "Max_consec_losses": 26,
    "Max_consec_wins": 7,
    "Win_rate_30d_pct": 33.0,
    "Trades_30d": 18,
    "PnL_30d": 1029.0,
    "Win_rate_7d_pct": 33.0,
    "Trades_7d": 6,
    "PnL_7d": -7135.0,
    "Win_rate_3m_pct": 33.0,
    "Trades_3m": 18,
    "PnL_3m": 1029.0
  },
  "live_position": null,
  "equity_curve": [
    1325302.3518276343,
    1354345.5345640467,
    1362886.38478284,
    1357886.38478284,
    1352886.38478284,
    1347886.38478284,
    1342886.38478284,
    1337886.38478284,
    1332886.38478284,
    1327886.38478284,
    1322886.38478284,
    1317886.38478284,
    1312886.38478284,
    1307886.38478284,
    1302886.38478284,
    1297886.38478284,
    1292886.38478284,
    1287886.38478284,
    1283363.756515657,
    1287808.8729353729,
    1285020.0342555225,
    1280298.9083340096,
    1275298.9083340096,
    1272381.1212752534,
    1262984.609284293,
    1257984.609284293,
    1252984.609284293,
    1247984.609284293,
    1242984.609284293,
    1256558.5952733716,
    1251558.5952733716,
    1253790.5174103663,
    1248790.5174103663,
    1246220.0460610131,
    1260078.111542399,
    1255078.111542399,
    1250078.111542399,
    1260962.2951708382,
    1255962.2951708382,
    1253985.1754268073,
    1263122.4794637233,
    1278958.0433908906,
    1273958.0433908906,
    1268958.0433908906,
    1268859.9079640014,
    1263859.9079640014,
    1258859.9079640014,
    1253859.9079640014,
    1248859.9079640014,
    1243859.9079640014,
    1238859.9079640014,
    1248019.7310846585,
    1243019.7310846585,
    1255991.827096196,
    1250991.827096196,
    1252202.902630811,
    1273665.9513950716,
    1268665.9513950716,
    1263665.9513950716,
    1269247.9200515253,
    1264247.9200515253,
    1259247.9200515253,
    1254247.9200515253,
    1280109.0453525546,
    1275109.0453525546,
    1294143.8016944013,
    1314346.2131061258,
    1305952.7839620842,
    1300952.7839620842,
    1295952.7839620842,
    1290952.7839620842,
    1285952.7839620842,
    1294923.0429963025,
    1289923.0429963025,
    1284923.0429963025,
    1279923.0429963025,
    1274923.0429963025,
    1269923.0429963025,
    1264923.0429963025,
    1259923.0429963025,
    1266424.563027606,
    1261424.563027606,
    1272460.0576737523,
    1295960.6704611585,
    1314322.1663496706,
    1309322.1663496706,
    1304322.1663496706,
    1299322.1663496706,
    1310764.4308397113,
    1305764.4308397113,
    1300764.4308397113,
    1295764.4308397113,
    1290764.4308397113,
    1324086.1069224821,
    1319086.1069224821,
    1371105.8554563974,
    1366105.8554563974,
    1361105.8554563974,
    1356105.8554563974,
    1351105.8554563974,
    1348852.677159274,
    1343852.677159274,
    1338852.677159274,
    1333852.677159274,
    1328852.677159274,
    1323852.677159274,
    1325640.6203499092,
    1320640.6203499092,
    1338876.937117489,
    1333876.937117489,
    1328876.937117489,
    1323876.937117489,
    1318876.937117489,
    1313876.937117489,
    1313860.5019132816,
    1315014.5520052938,
    1310014.5520052938,
    1321732.8654621965,
    1316732.8654621965,
    1311732.8654621965,
    1334180.781253086,
    1329180.781253086,
    1324180.781253086,
    1319180.781253086,
    1322523.0733073896,
    1317523.0733073896,
    1312523.0733073896,
    1307523.0733073896,
    1302523.0733073896,
    1297523.0733073896,
    1292523.0733073896,
    1297174.4071187256,
    1291866.7245652413,
    1291304.403585397,
    1286304.403585397,
    1299813.2876760594,
    1315985.5185227136,
    1310985.5185227136,
    1336657.079060983,
    1331657.079060983,
    1356562.9105341975,
    1351562.9105341975,
    1345296.6086065937,
    1340296.6086065937,
    1335296.6086065937,
    1330296.6086065937,
    1327450.7414032477,
    1322450.7414032477,
    1334170.3044458355,
    1329170.3044458355,
    1342613.3435820553,
    1337613.3435820553,
    1332613.3435820553,
    1327613.3435820553,
    1322613.3435820553,
    1317613.3435820553,
    1313319.0546609955,
    1308319.0546609955,
    1303319.0546609955,
    1298319.0546609955,
    1310187.3736159287,
    1339555.5136337273,
    1334555.5136337273,
    1329555.5136337273,
    1330507.1015961396,
    1325507.1015961396,
    1320507.1015961396,
    1315507.1015961396,
    1320431.808957754,
    1315431.808957754,
    1310431.808957754,
    1321957.298563812,
    1316957.298563812,
    1311957.298563812,
    1306957.298563812,
    1301488.8816117193,
    1318801.7498738854,
    1313801.7498738854,
    1324368.118163831,
    1319368.118163831,
    1314368.118163831,
    1313008.0023021095,
    1308008.0023021095,
    1303008.0023021095,
    1310343.3243227464,
    1305343.3243227464,
    1300343.3243227464,
    1295343.3243227464,
    1296908.934575257,
    1291908.934575257,
    1286908.934575257,
    1281908.934575257,
    1276908.934575257,
    1298936.1368116932,
    1293936.1368116932,
    1288936.1368116932,
    1290729.552414409,
    1285729.552414409,
    1280729.552414409,
    1275729.552414409,
    1287453.7900807175,
    1282453.7900807175,
    1277453.7900807175,
    1272453.7900807175,
    1269735.8328182523,
    1268356.7838356956,
    1263356.7838356956,
    1258356.7838356956,
    1282383.189092958,
    1277383.189092958,
    1272383.189092958,
    1267383.189092958,
    1257314.5530454267,
    1252314.5530454267,
    1270344.5552966187,
    1265344.5552966187,
    1273052.0051786075,
    1287267.192599998,
    1305405.0181207438,
    1320894.613398673,
    1327794.4559333872,
    1322794.4559333872,
    1317794.4559333872,
    1314572.2045557958,
    1309572.2045557958,
    1304572.2045557958,
    1299572.2045557958,
    1294572.2045557958,
    1289572.2045557958,
    1284572.2045557958,
    1294165.7783181001,
    1289165.7783181001,
    1284165.7783181001,
    1300723.3165479184,
    1297853.5044843473,
    1296893.66459381,
    1295562.910875377,
    1318396.545759592,
    1329985.4598536845,
    1342819.82894312,
    1337819.82894312,
    1332819.82894312,
    1327819.82894312,
    1347186.384535582,
    1363050.6940583868,
    1358050.6940583868,
    1367924.4046910102,
    1362924.4046910102,
    1357924.4046910102,
    1352924.4046910102,
    1387515.002682717,
    1382515.002682717,
    1403543.8320627243,
    1398543.8320627243,
    1396981.8411471867,
    1392783.1743912545,
    1387783.1743912545,
    1382783.1743912545,
    1377783.1743912545,
    1386361.442778008,
    1390843.3755874874,
    1391520.4502325137,
    1386520.4502325137,
    1422882.1201438266,
    1417882.1201438266,
    1412882.1201438266,
    1405250.9305700785,
    1432396.2086474167,
    1435240.2729606375,
    1430240.2729606375,
    1425240.2729606375,
    1420240.2729606375,
    1415240.2729606375,
    1410240.2729606375,
    1405240.2729606375,
    1400240.2729606375,
    1406698.9984804038,
    1409675.0024901775,
    1407597.1979683812,
    1416471.520492091,
    1411471.520492091,
    1406471.520492091,
    1401471.520492091,
    1396471.520492091,
    1391471.520492091,
    1386471.520492091,
    1381471.520492091,
    1376471.520492091,
    1371471.520492091,
    1372973.8390309385,
    1367973.8390309385,
    1362973.8390309385,
    1357973.8390309385,
    1352973.8390309385,
    1382308.4198351006,
    1377308.4198351006,
    1372308.4198351006,
    1415449.5217779253,
    1412381.1814710912,
    1407381.1814710912,
    1402381.1814710912,
    1397381.1814710912,
    1392381.1814710912,
    1387381.1814710912,
    1406758.733609973,
    1401758.733609973,
    1396758.733609973,
    1391758.733609973,
    1403289.0186242058,
    1398289.0186242058,
    1393289.0186242058,
    1403987.318086668,
    1398987.318086668,
    1393987.318086668,
    1388987.318086668,
    1402777.390630143,
