{
  "metrics": {
    "Variant": "0.50% stop, ATR\u00d73.0",
    "Capital_Risked": "5.0%",
    "Trades": 1236,
    "Win_rate_pct": 28.0,
    "Win_Loss_ratio": 3.0,
    "Cum_return_pct": 1514.0,
    "Max_DD_pct": 11.0,
    "Max_consec_losses": 25,
    "Max_consec_wins": 7,
    "Win_rate_30d_pct": 32.0,
    "Trades_30d": 19,
    "PnL_30d": -3971.0,
    "Win_rate_7d_pct": 50.0,
    "Trades_7d": 4,
    "PnL_7d": 2865.0,
    "Win_rate_3m_pct": 32.0,
    "Trades_3m": 19,
    "PnL_3m": -3971.0
  },
  "live_position": null,
  "equity_curve": [
    1338055.7532774368,
    1346596.6034962302,
    1341596.6034962302,
    1336596.6034962302,
    1331596.6034962302,
    1326596.6034962302,
    1321596.6034962302,
    1316596.6034962302,
    1311596.6034962302,
    1306596.6034962302,
    1301596.6034962302,
    1296596.6034962302,
    1291596.6034962302,
    1286596.6034962302,
    1281596.6034962302,
    1276596.6034962302,
    1271596.6034962302,
    1267073.9752290472,
    1271519.091648763,
    1268730.2529689127,
    1264009.1270473998,
    1259009.1270473998,
    1256091.3399886435,
    1246694.827997683,
    1241694.827997683,
    1236694.827997683,
    1231694.827997683,
    1226694.827997683,
    1240268.8139867617,
    1235268.8139867617,
    1237500.7361237565,
    1232500.7361237565,
    1229930.2647744033,
    1243788.3302557892,
    1238788.3302557892,
    1233788.3302557892,
    1244672.5138842284,
    1239672.5138842284,
    1237695.3941401974,
    1246832.6981771134,
    1262668.2621042808,
    1257668.2621042808,
    1252668.2621042808,
    1252570.1266773916,
    1247570.1266773916,
    1242570.1266773916,
    1237570.1266773916,
    1232570.1266773916,
    1227570.1266773916,
    1222570.1266773916,
    1231729.9497980487,
    1226729.9497980487,
    1239702.045809586,
    1234702.045809586,
    1235913.1213442013,
    1257376.1701084618,
    1252376.1701084618,
    1247376.1701084618,
    1252958.1387649155,
    1247958.1387649155,
    1242958.1387649155,
    1237958.1387649155,
    1263819.2640659448,
    1258819.2640659448,
    1277854.0204077915,
    1298056.431819516,
    1289663.0026754744,
    1284663.0026754744,
    1279663.0026754744,
    1274663.0026754744,
    1269663.0026754744,
    1278633.2617096927,
    1273633.2617096927,
    1268633.2617096927,
    1263633.2617096927,
    1258633.2617096927,
    1253633.2617096927,
    1248633.2617096927,
    1243633.2617096927,
    1250134.7817409963,
    1245134.7817409963,
    1256170.2763871425,
    1279670.8891745487,
    1298032.3850630608,
    1293032.3850630608,
    1288032.3850630608,
    1283032.3850630608,
    1294474.6495531015,
    1289474.6495531015,
    1284474.6495531015,
    1279474.6495531015,
    1274474.6495531015,
    1307796.3256358723,
    1302796.3256358723,
    1354816.0741697876,
    1349816.0741697876,
    1344816.0741697876,
    1339816.0741697876,
    1334816.0741697876,
    1332562.8958726642,
    1327562.8958726642,
    1322562.8958726642,
    1317562.8958726642,
    1312562.8958726642,
    1307562.8958726642,
    1309350.8390632994,
    1304350.8390632994,
    1322587.1558308792,
    1317587.1558308792,
    1312587.1558308792,
    1307587.1558308792,
    1302587.1558308792,
    1297587.1558308792,
    1297570.7206266718,
    1298724.770718684,
    1293724.770718684,
    1305443.0841755867,
    1300443.0841755867,
    1295443.0841755867,
    1317890.999966476,
    1312890.999966476,
    1307890.999966476,
    1302890.999966476,
    1306233.2920207798,
    1301233.2920207798,
    1296233.2920207798,
    1291233.2920207798,
    1286233.2920207798,
    1281233.2920207798,
    1276233.2920207798,
    1280884.6258321158,
    1275576.9432786314,
    1275014.622298787,
    1270014.622298787,
    1283523.5063894496,
    1299695.7372361037,
    1294695.7372361037,
    1320367.297774373,
    1315367.297774373,
    1340273.1292475876,
    1335273.1292475876,
    1329006.8273199839,
    1324006.8273199839,
    1319006.8273199839,
    1314006.8273199839,
    1311160.9601166379,
    1306160.9601166379,
    1317880.5231592257,
    1312880.5231592257,
    1326323.5622954455,
    1321323.5622954455,
    1316323.5622954455,
    1311323.5622954455,
    1306323.5622954455,
    1301323.5622954455,
    1297029.2733743857,
    1292029.2733743857,
    1287029.2733743857,
    1282029.2733743857,
    1293897.5923293189,
    1323265.7323471175,
    1318265.7323471175,
    1313265.7323471175,
    1314217.3203095298,
    1309217.3203095298,
    1304217.3203095298,
    1299217.3203095298,
    1304142.027671144,
    1299142.027671144,
    1294142.027671144,
    1305667.517277202,
    1300667.517277202,
    1295667.517277202,
    1290667.517277202,
    1285199.1003251094,
    1302511.9685872756,
    1297511.9685872756,
    1308078.3368772212,
    1303078.3368772212,
    1298078.3368772212,
    1296718.2210154997,
    1291718.2210154997,
    1286718.2210154997,
    1294053.5430361365,
    1289053.5430361365,
    1284053.5430361365,
    1279053.5430361365,
    1280619.153288647,
    1275619.153288647,
    1270619.153288647,
    1265619.153288647,
    1260619.153288647,
    1282646.3555250834,
    1277646.3555250834,
    1272646.3555250834,
    1274439.771127799,
    1269439.771127799,
    1264439.771127799,
    1259439.771127799,
    1271164.0087941077,
    1266164.0087941077,
    1261164.0087941077,
    1256164.0087941077,
    1253446.0515316424,
    1252067.0025490858,
    1247067.0025490858,
    1242067.0025490858,
    1266093.4078063483,
    1261093.4078063483,
    1256093.4078063483,
    1251093.4078063483,
    1241024.771758817,
    1236024.771758817,
    1254054.774010009,
    1249054.774010009,
    1256762.2238919977,
    1270977.4113133883,
    1289115.236834134,
    1304604.8321120632,
    1311504.6746467773,
    1306504.6746467773,
    1301504.6746467773,
    1298282.423269186,
    1293282.423269186,
    1288282.423269186,
    1283282.423269186,
    1278282.423269186,
    1273282.423269186,
    1268282.423269186,
    1277875.9970314903,
    1272875.9970314903,
    1267875.9970314903,
    1284433.5352613085,
    1281563.7231977375,
    1280603.8833072002,
    1279273.1295887672,
    1302106.7644729821,
    1313695.6785670747,
    1326530.0476565103,
    1321530.0476565103,
    1316530.0476565103,
    1311530.0476565103,
    1330896.6032489722,
    1346760.912771777,
    1341760.912771777,
    1351634.6234044004,
    1346634.6234044004,
    1341634.6234044004,
    1336634.6234044004,
    1371225.2213961072,
    1366225.2213961072,
    1387254.0507761145,
    1382254.0507761145,
    1380692.0598605769,
    1376493.3931046447,
    1371493.3931046447,
    1366493.3931046447,
    1361493.3931046447,
    1370071.6614913982,
    1374553.5943008775,
    1375230.668945904,
    1370230.668945904,
    1406592.3388572168,
    1401592.3388572168,
    1396592.3388572168,
    1388961.1492834687,
    1416106.4273608068,
    1418950.4916740276,
    1413950.4916740276,
    1408950.4916740276,
    1403950.4916740276,
    1398950.4916740276,
    1393950.4916740276,
    1388950.4916740276,
    1383950.4916740276,
    1390409.217193794,
    1393385.2212035677,
    1391307.4166817714,
    1400181.7392054813,
    1395181.7392054813,
    1390181.7392054813,
    1385181.7392054813,
    1380181.7392054813,
    1375181.7392054813,
    1370181.7392054813,
    1365181.7392054813,
    1360181.7392054813,
    1355181.7392054813,
    1356684.0577443286,
    1351684.0577443286,
    1346684.0577443286,
    1341684.0577443286,
    1336684.0577443286,
    1366018.6385484908,
    1361018.6385484908,
    1356018.6385484908,
    1399159.7404913155,
    1396091.4001844814,
    1391091.4001844814,
    1386091.4001844814,
    1381091.4001844814,
    1376091.4001844814,
    1371091.4001844814,
    1390468.9523233632,
    1385468.9523233632,
    1380468.9523233632,
    1375468.9523233632,
    1386999.237337596,
    1381999.237337596,
    1376999.237337596,
    1387697.536800058,
    1382697.536800058,
    1377697.536800058,
