{
  "metrics": {
    "Variant": "0.50% stop, ATR\u00d73.0",
    "Capital_Risked": "5.0%",
    "Trades": 1238,
    "Win_rate_pct": 28.0,
    "Win_Loss_ratio": 3.0,
    "Cum_return_pct": 1531.0,
    "Max_DD_pct": 11.0,
    "Max_consec_losses": 26,
    "Max_consec_wins": 7,
    "Win_rate_30d_pct": 33.0,
    "Trades_30d": 18,
    "PnL_30d": 1029.0,
    "Win_rate_7d_pct": 33.0,
    "Trades_7d": 6,
    "PnL_7d": -7135.0,
    "Win_rate_3m_pct": 33.0,
    "Trades_3m": 18,
    "PnL_3m": 1029.0
  },
  "live_position": null,
  "equity_curve": [
    1320302.351827634,
    1349345.5345640464,
    1357886.3847828398,
    1352886.3847828398,
    1347886.3847828398,
    1342886.3847828398,
    1337886.3847828398,
    1332886.3847828398,
    1327886.3847828398,
    1322886.3847828398,
    1317886.3847828398,
    1312886.3847828398,
    1307886.3847828398,
    1302886.3847828398,
    1297886.3847828398,
    1292886.3847828398,
    1287886.3847828398,
    1282886.3847828398,
    1278363.7565156568,
    1282808.8729353726,
    1280020.0342555223,
    1275298.9083340093,
    1270298.9083340093,
    1267381.1212752531,
    1257984.6092842927,
    1252984.6092842927,
    1247984.6092842927,
    1242984.6092842927,
    1237984.6092842927,
    1251558.5952733713,
    1246558.5952733713,
    1248790.517410366,
    1243790.517410366,
    1241220.046061013,
    1255078.1115423988,
    1250078.1115423988,
    1245078.1115423988,
    1255962.295170838,
    1250962.295170838,
    1248985.175426807,
    1258122.479463723,
    1273958.0433908904,
    1268958.0433908904,
    1263958.0433908904,
    1263859.9079640012,
    1258859.9079640012,
    1253859.9079640012,
    1248859.9079640012,
    1243859.9079640012,
    1238859.9079640012,
    1233859.9079640012,
    1243019.7310846583,
    1238019.7310846583,
    1250991.8270961957,
    1245991.8270961957,
    1247202.9026308109,
    1268665.9513950713,
    1263665.9513950713,
    1258665.9513950713,
    1264247.920051525,
    1259247.920051525,
    1254247.920051525,
    1249247.920051525,
    1275109.0453525544,
    1270109.0453525544,
    1289143.801694401,
    1309346.2131061256,
    1300952.783962084,
    1295952.783962084,
    1290952.783962084,
    1285952.783962084,
    1280952.783962084,
    1289923.0429963022,
    1284923.0429963022,
    1279923.0429963022,
    1274923.0429963022,
    1269923.0429963022,
    1264923.0429963022,
    1259923.0429963022,
    1254923.0429963022,
    1261424.5630276059,
    1256424.5630276059,
    1267460.057673752,
    1290960.6704611583,
    1309322.1663496704,
    1304322.1663496704,
    1299322.1663496704,
    1294322.1663496704,
    1305764.430839711,
    1300764.430839711,
    1295764.430839711,
    1290764.430839711,
    1285764.430839711,
    1319086.106922482,
    1314086.106922482,
    1366105.8554563972,
    1361105.8554563972,
    1356105.8554563972,
    1351105.8554563972,
    1346105.8554563972,
    1343852.6771592738,
    1338852.6771592738,
    1333852.6771592738,
    1328852.6771592738,
    1323852.6771592738,
    1318852.6771592738,
    1320640.620349909,
    1315640.620349909,
    1333876.9371174888,
    1328876.9371174888,
    1323876.9371174888,
    1318876.9371174888,
    1313876.9371174888,
    1308876.9371174888,
    1308860.5019132814,
    1310014.5520052935,
    1305014.5520052935,
    1316732.8654621963,
    1311732.8654621963,
    1306732.8654621963,
    1329180.7812530857,
    1324180.7812530857,
    1319180.7812530857,
    1314180.7812530857,
    1317523.0733073894,
    1312523.0733073894,
    1307523.0733073894,
    1302523.0733073894,
    1297523.0733073894,
    1292523.0733073894,
    1287523.0733073894,
    1292174.4071187254,
    1286866.724565241,
    1286304.4035853967,
    1281304.4035853967,
    1294813.2876760592,
    1310985.5185227133,
    1305985.5185227133,
    1331657.0790609827,
    1326657.0790609827,
    1351562.9105341972,
    1346562.9105341972,
    1340296.6086065935,
    1335296.6086065935,
    1330296.6086065935,
    1325296.6086065935,
    1322450.7414032475,
    1317450.7414032475,
    1329170.3044458353,
    1324170.3044458353,
    1337613.343582055,
    1332613.343582055,
    1327613.343582055,
    1322613.343582055,
    1317613.343582055,
    1312613.343582055,
    1308319.0546609953,
    1303319.0546609953,
    1298319.0546609953,
    1293319.0546609953,
    1305187.3736159285,
    1334555.513633727,
    1329555.513633727,
    1324555.513633727,
    1325507.1015961394,
    1320507.1015961394,
    1315507.1015961394,
    1310507.1015961394,
    1315431.8089577537,
    1310431.8089577537,
    1305431.8089577537,
    1316957.2985638117,
    1311957.2985638117,
    1306957.2985638117,
    1301957.2985638117,
    1296488.881611719,
    1313801.7498738852,
    1308801.7498738852,
    1319368.1181638308,
    1314368.1181638308,
    1309368.1181638308,
    1308008.0023021093,
    1303008.0023021093,
    1298008.0023021093,
    1305343.3243227461,
    1300343.3243227461,
    1295343.3243227461,
    1290343.3243227461,
    1291908.9345752567,
    1286908.9345752567,
    1281908.9345752567,
    1276908.9345752567,
    1271908.9345752567,
    1293936.136811693,
    1288936.136811693,
    1283936.136811693,
    1285729.5524144087,
    1280729.5524144087,
    1275729.5524144087,
    1270729.5524144087,
    1282453.7900807173,
    1277453.7900807173,
    1272453.7900807173,
    1267453.7900807173,
    1264735.832818252,
    1263356.7838356954,
    1258356.7838356954,
    1253356.7838356954,
    1277383.1890929579,
    1272383.1890929579,
    1267383.1890929579,
    1262383.1890929579,
    1252314.5530454265,
    1247314.5530454265,
    1265344.5552966185,
    1260344.5552966185,
    1268052.0051786073,
    1282267.1925999979,
    1300405.0181207436,
    1315894.6133986728,
    1322794.455933387,
    1317794.455933387,
    1312794.455933387,
    1309572.2045557955,
    1304572.2045557955,
    1299572.2045557955,
    1294572.2045557955,
    1289572.2045557955,
    1284572.2045557955,
    1279572.2045557955,
    1289165.7783181,
    1284165.7783181,
    1279165.7783181,
    1295723.3165479181,
    1292853.504484347,
    1291893.6645938097,
    1290562.9108753768,
    1313396.5457595917,
    1324985.4598536843,
    1337819.8289431199,
    1332819.8289431199,
    1327819.8289431199,
    1322819.8289431199,
    1342186.3845355818,
    1358050.6940583866,
    1353050.6940583866,
    1362924.40469101,
    1357924.40469101,
    1352924.40469101,
    1347924.40469101,
    1382515.0026827168,
    1377515.0026827168,
    1398543.832062724,
    1393543.832062724,
    1391981.8411471865,
    1387783.1743912543,
    1382783.1743912543,
    1377783.1743912543,
    1372783.1743912543,
    1381361.4427780078,
    1385843.3755874871,
    1386520.4502325135,
    1381520.4502325135,
    1417882.1201438264,
    1412882.1201438264,
    1407882.1201438264,
    1400250.9305700783,
    1427396.2086474164,
    1430240.2729606372,
    1425240.2729606372,
    1420240.2729606372,
    1415240.2729606372,
    1410240.2729606372,
    1405240.2729606372,
    1400240.2729606372,
    1395240.2729606372,
    1401698.9984804036,
    1404675.0024901773,
    1402597.197968381,
    1411471.5204920908,
    1406471.5204920908,
    1401471.5204920908,
    1396471.5204920908,
    1391471.5204920908,
    1386471.5204920908,
    1381471.5204920908,
    1376471.5204920908,
    1371471.5204920908,
    1366471.5204920908,
    1367973.8390309382,
    1362973.8390309382,
    1357973.8390309382,
    1352973.8390309382,
    1347973.8390309382,
    1377308.4198351004,
    1372308.4198351004,
    1367308.4198351004,
    1410449.521777925,
    1407381.181471091,
    1402381.181471091,
    1397381.181471091,
    1392381.181471091,
    1387381.181471091,
    1382381.181471091,
    1401758.7336099728,
    1396758.7336099728,
    1391758.7336099728,
    1386758.7336099728,
    1398289.0186242056,
    1393289.0186242056,
    1388289.0186242056,
    1398987.3180866677,
    1393987.3180866677,
