{
  "metrics": {
    "Variant": "0.50% stop, ATR\u00d73.0",
    "Capital_Risked": "5.0%",
    "Trades": 1236,
    "Win_rate_pct": 28.0,
    "Win_Loss_ratio": 3.0,
    "Cum_return_pct": 1514.0,
    "Max_DD_pct": 11.0,
    "Max_consec_losses": 25,
    "Max_consec_wins": 7,
    "Win_rate_30d_pct": 32.0,
    "Trades_30d": 19,
    "PnL_30d": -3971.0,
    "Win_rate_7d_pct": 50.0,
    "Trades_7d": 4,
    "PnL_7d": 2865.0,
    "Win_rate_3m_pct": 32.0,
    "Trades_3m": 19,
    "PnL_3m": -3971.0
  },
  "live_position": null,
  "equity_curve": [
    1338088.891863203,
    1346629.7420819963,
    1341629.7420819963,
    1336629.7420819963,
    1331629.7420819963,
    1326629.7420819963,
    1321629.7420819963,
    1316629.7420819963,
    1311629.7420819963,
    1306629.7420819963,
    1301629.7420819963,
    1296629.7420819963,
    1291629.7420819963,
    1286629.7420819963,
    1281629.7420819963,
    1276629.7420819963,
    1271629.7420819963,
    1267107.1138148133,
    1271552.2302345291,
    1268763.3915546788,
    1264042.2656331658,
    1259042.2656331658,
    1256124.4785744096,
    1246727.9665834492,
    1241727.9665834492,
    1236727.9665834492,
    1231727.9665834492,
    1226727.9665834492,
    1240301.9525725278,
    1235301.9525725278,
    1237533.8747095226,
    1232533.8747095226,
    1229963.4033601694,
    1243821.4688415553,
    1238821.4688415553,
    1233821.4688415553,
    1244705.6524699945,
    1239705.6524699945,
    1237728.5327259635,
    1246865.8367628795,
    1262701.4006900468,
    1257701.4006900468,
    1252701.4006900468,
    1252603.2652631577,
    1247603.2652631577,
    1242603.2652631577,
    1237603.2652631577,
    1232603.2652631577,
    1227603.2652631577,
    1222603.2652631577,
    1231763.0883838148,
    1226763.0883838148,
    1239735.1843953521,
    1234735.1843953521,
    1235946.2599299673,
    1257409.3086942278,
    1252409.3086942278,
    1247409.3086942278,
    1252991.2773506816,
    1247991.2773506816,
    1242991.2773506816,
    1237991.2773506816,
    1263852.402651711,
    1258852.402651711,
    1277887.1589935576,
    1298089.570405282,
    1289696.1412612405,
    1284696.1412612405,
    1279696.1412612405,
    1274696.1412612405,
    1269696.1412612405,
    1278666.4002954587,
    1273666.4002954587,
    1268666.4002954587,
    1263666.4002954587,
    1258666.4002954587,
    1253666.4002954587,
    1248666.4002954587,
    1243666.4002954587,
    1250167.9203267624,
    1245167.9203267624,
    1256203.4149729086,
    1279704.0277603148,
    1298065.5236488269,
    1293065.5236488269,
    1288065.5236488269,
    1283065.5236488269,
    1294507.7881388676,
    1289507.7881388676,
    1284507.7881388676,
    1279507.7881388676,
    1274507.7881388676,
    1307829.4642216384,
    1302829.4642216384,
    1354849.2127555537,
    1349849.2127555537,
    1344849.2127555537,
    1339849.2127555537,
    1334849.2127555537,
    1332596.0344584303,
    1327596.0344584303,
    1322596.0344584303,
    1317596.0344584303,
    1312596.0344584303,
    1307596.0344584303,
    1309383.9776490654,
    1304383.9776490654,
    1322620.2944166453,
    1317620.2944166453,
    1312620.2944166453,
    1307620.2944166453,
    1302620.2944166453,
    1297620.2944166453,
    1297603.8592124379,
    1298757.90930445,
    1293757.90930445,
    1305476.2227613528,
    1300476.2227613528,
    1295476.2227613528,
    1317924.1385522422,
    1312924.1385522422,
    1307924.1385522422,
    1302924.1385522422,
    1306266.4306065459,
    1301266.4306065459,
    1296266.4306065459,
    1291266.4306065459,
    1286266.4306065459,
    1281266.4306065459,
    1276266.4306065459,
    1280917.7644178818,
    1275610.0818643975,
    1275047.7608845532,
    1270047.7608845532,
    1283556.6449752157,
    1299728.8758218698,
    1294728.8758218698,
    1320400.4363601392,
    1315400.4363601392,
    1340306.2678333537,
    1335306.2678333537,
    1329039.96590575,
    1324039.96590575,
    1319039.96590575,
    1314039.96590575,
    1311194.098702404,
    1306194.098702404,
    1317913.6617449918,
    1312913.6617449918,
    1326356.7008812116,
    1321356.7008812116,
    1316356.7008812116,
    1311356.7008812116,
    1306356.7008812116,
    1301356.7008812116,
    1297062.4119601517,
    1292062.4119601517,
    1287062.4119601517,
    1282062.4119601517,
    1293930.730915085,
    1323298.8709328836,
    1318298.8709328836,
    1313298.8709328836,
    1314250.4588952959,
    1309250.4588952959,
    1304250.4588952959,
    1299250.4588952959,
    1304175.1662569102,
    1299175.1662569102,
    1294175.1662569102,
    1305700.6558629682,
    1300700.6558629682,
    1295700.6558629682,
    1290700.6558629682,
    1285232.2389108755,
    1302545.1071730417,
    1297545.1071730417,
    1308111.4754629873,
    1303111.4754629873,
    1298111.4754629873,
    1296751.3596012658,
    1291751.3596012658,
    1286751.3596012658,
    1294086.6816219026,
    1289086.6816219026,
    1284086.6816219026,
    1279086.6816219026,
    1280652.2918744131,
    1275652.2918744131,
    1270652.2918744131,
    1265652.2918744131,
    1260652.2918744131,
    1282679.4941108495,
    1277679.4941108495,
    1272679.4941108495,
    1274472.9097135651,
    1269472.9097135651,
    1264472.9097135651,
    1259472.9097135651,
    1271197.1473798738,
    1266197.1473798738,
    1261197.1473798738,
    1256197.1473798738,
    1253479.1901174085,
    1252100.1411348518,
    1247100.1411348518,
    1242100.1411348518,
    1266126.5463921144,
    1261126.5463921144,
    1256126.5463921144,
    1251126.5463921144,
    1241057.910344583,
    1236057.910344583,
    1254087.912595775,
    1249087.912595775,
    1256795.3624777638,
    1271010.5498991543,
    1289148.3754199,
    1304637.9706978293,
    1311537.8132325434,
    1306537.8132325434,
    1301537.8132325434,
    1298315.561854952,
    1293315.561854952,
    1288315.561854952,
    1283315.561854952,
    1278315.561854952,
    1273315.561854952,
    1268315.561854952,
    1277909.1356172564,
    1272909.1356172564,
    1267909.1356172564,
    1284466.6738470746,
    1281596.8617835036,
    1280637.0218929662,
    1279306.2681745333,
    1302139.9030587482,
    1313728.8171528408,
    1326563.1862422763,
    1321563.1862422763,
    1316563.1862422763,
    1311563.1862422763,
    1330929.7418347383,
    1346794.051357543,
    1341794.051357543,
    1351667.7619901665,
    1346667.7619901665,
    1341667.7619901665,
    1336667.7619901665,
    1371258.3599818733,
    1366258.3599818733,
    1387287.1893618805,
    1382287.1893618805,
    1380725.198446343,
    1376526.5316904108,
    1371526.5316904108,
    1366526.5316904108,
    1361526.5316904108,
    1370104.8000771643,
    1374586.7328866436,
    1375263.80753167,
    1370263.80753167,
    1406625.4774429828,
    1401625.4774429828,
    1396625.4774429828,
    1388994.2878692348,
    1416139.565946573,
    1418983.6302597937,
    1413983.6302597937,
    1408983.6302597937,
    1403983.6302597937,
    1398983.6302597937,
    1393983.6302597937,
    1388983.6302597937,
    1383983.6302597937,
    1390442.35577956,
    1393418.3597893338,
    1391340.5552675375,
    1400214.8777912473,
    1395214.8777912473,
    1390214.8777912473,
    1385214.8777912473,
    1380214.8777912473,
    1375214.8777912473,
    1370214.8777912473,
    1365214.8777912473,
    1360214.8777912473,
    1355214.8777912473,
    1356717.1963300947,
    1351717.1963300947,
    1346717.1963300947,
    1341717.1963300947,
    1336717.1963300947,
    1366051.777134257,
    1361051.777134257,
    1356051.777134257,
    1399192.8790770816,
    1396124.5387702475,
    1391124.5387702475,
    1386124.5387702475,
    1381124.5387702475,
    1376124.5387702475,
    1371124.5387702475,
    1390502.0909091292,
    1385502.0909091292,
    1380502.0909091292,
    1375502.0909091292,
    1387032.375923362,
    1382032.375923362,
    1377032.375923362,
    1387730.6753858242,
    1382730.6753858242,
