{
  "metrics": {
    "Variant": "0.50% stop, ATR\u00d73.0",
    "Capital_Risked": "5.0%",
    "Trades": 1239,
    "Win_rate_pct": 28.0,
    "Win_Loss_ratio": 3.0,
    "Cum_return_pct": 1554.0,
    "Max_DD_pct": 11.0,
    "Max_consec_losses": 26,
    "Max_consec_wins": 7,
    "Win_rate_30d_pct": 31.0,
    "Trades_30d": 13,
    "PnL_30d": 3164.0,
    "Win_rate_7d_pct": 33.0,
    "Trades_7d": 9,
    "PnL_7d": 4766.0,
    "Win_rate_3m_pct": 31.0,
    "Trades_3m": 13,
    "PnL_3m": 3164.0
  },
  "live_position": null,
  "equity_curve": [
    1336948.0844800794,
    1349973.160709998,
    1344973.160709998,
    1351432.084222746,
    1380475.2669591585,
    1389016.1171779518,
    1384016.1171779518,
    1379016.1171779518,
    1374016.1171779518,
    1369016.1171779518,
    1364016.1171779518,
    1359016.1171779518,
    1354016.1171779518,
    1349016.1171779518,
    1344016.1171779518,
    1339016.1171779518,
    1334016.1171779518,
    1329016.1171779518,
    1324016.1171779518,
    1319016.1171779518,
    1314016.1171779518,
    1309493.4889107689,
    1313938.6053304847,
    1311149.7666506344,
    1306428.6407291214,
    1301428.6407291214,
    1298510.8536703652,
    1289114.3416794047,
    1284114.3416794047,
    1279114.3416794047,
    1274114.3416794047,
    1269114.3416794047,
    1282688.3276684834,
    1277688.3276684834,
    1279920.2498054781,
    1274920.2498054781,
    1272349.778456125,
    1286207.8439375109,
    1281207.8439375109,
    1276207.8439375109,
    1287092.02756595,
    1282092.02756595,
    1280114.907821919,
    1289252.211858835,
    1305087.7757860024,
    1300087.7757860024,
    1295087.7757860024,
    1294989.6403591132,
    1289989.6403591132,
    1284989.6403591132,
    1279989.6403591132,
    1274989.6403591132,
    1269989.6403591132,
    1264989.6403591132,
    1274149.4634797703,
    1269149.4634797703,
    1282121.5594913077,
    1277121.5594913077,
    1278332.635025923,
    1299795.6837901834,
    1294795.6837901834,
    1289795.6837901834,
    1295377.6524466372,
    1290377.6524466372,
    1285377.6524466372,
    1280377.6524466372,
    1306238.7777476665,
    1301238.7777476665,
    1320273.5340895131,
    1340475.9455012376,
    1332082.516357196,
    1327082.516357196,
    1322082.516357196,
    1317082.516357196,
    1312082.516357196,
    1321052.7753914143,
    1316052.7753914143,
    1311052.7753914143,
    1306052.7753914143,
    1301052.7753914143,
    1296052.7753914143,
    1291052.7753914143,
    1286052.7753914143,
    1292554.295422718,
    1287554.295422718,
    1298589.7900688641,
    1322090.4028562703,
    1340451.8987447824,
    1335451.8987447824,
    1330451.8987447824,
    1325451.8987447824,
    1336894.1632348232,
    1331894.1632348232,
    1326894.1632348232,
    1321894.1632348232,
    1316894.1632348232,
    1350215.839317594,
    1345215.839317594,
    1397235.5878515092,
    1392235.5878515092,
    1387235.5878515092,
    1382235.5878515092,
    1377235.5878515092,
    1374982.4095543858,
    1369982.4095543858,
    1364982.4095543858,
    1359982.4095543858,
    1354982.4095543858,
    1349982.4095543858,
    1351770.352745021,
    1346770.352745021,
    1365006.6695126009,
    1360006.6695126009,
    1355006.6695126009,
    1350006.6695126009,
    1345006.6695126009,
    1340006.6695126009,
    1339990.2343083934,
    1341144.2844004056,
    1336144.2844004056,
    1347862.5978573083,
    1342862.5978573083,
    1337862.5978573083,
    1360310.5136481978,
    1355310.5136481978,
    1350310.5136481978,
    1345310.5136481978,
    1348652.8057025014,
    1343652.8057025014,
    1338652.8057025014,
    1333652.8057025014,
    1328652.8057025014,
    1323652.8057025014,
    1318652.8057025014,
    1323304.1395138374,
    1317996.456960353,
    1317434.1359805088,
    1312434.1359805088,
    1325943.0200711712,
    1342115.2509178254,
    1337115.2509178254,
    1362786.8114560947,
    1357786.8114560947,
    1382692.6429293093,
    1377692.6429293093,
    1371426.3410017055,
    1366426.3410017055,
    1361426.3410017055,
    1356426.3410017055,
    1353580.4737983595,
    1348580.4737983595,
    1360300.0368409473,
    1355300.0368409473,
    1368743.075977167,
    1363743.075977167,
    1358743.075977167,
    1353743.075977167,
    1348743.075977167,
    1343743.075977167,
    1338743.075977167,
    1334448.7870561073,
    1329448.7870561073,
    1324448.7870561073,
    1319448.7870561073,
    1331317.1060110405,
    1360685.2460288391,
    1355685.2460288391,
    1350685.2460288391,
    1351636.8339912514,
    1346636.8339912514,
    1341636.8339912514,
    1336636.8339912514,
    1341561.5413528658,
    1336561.5413528658,
    1331561.5413528658,
    1343087.0309589237,
    1338087.0309589237,
    1333087.0309589237,
    1328087.0309589237,
    1322618.614006831,
    1339931.4822689972,
    1334931.4822689972,
    1345497.8505589429,
    1340497.8505589429,
    1335497.8505589429,
    1334137.7346972213,
    1329137.7346972213,
    1324137.7346972213,
    1331473.0567178582,
    1326473.0567178582,
    1321473.0567178582,
    1316473.0567178582,
    1318038.6669703687,
    1313038.6669703687,
    1308038.6669703687,
    1303038.6669703687,
    1298038.6669703687,
    1320065.869206805,
    1315065.869206805,
    1310065.869206805,
    1311859.2848095207,
    1306859.2848095207,
    1301859.2848095207,
    1296859.2848095207,
    1308583.5224758293,
    1303583.5224758293,
    1298583.5224758293,
    1293583.5224758293,
    1290865.565213364,
    1289486.5162308074,
    1284486.5162308074,
    1279486.5162308074,
    1303512.92148807,
    1298512.92148807,
    1293512.92148807,
    1288512.92148807,
    1278444.2854405385,
    1273444.2854405385,
    1291474.2876917305,
    1286474.2876917305,
    1294181.7375737194,
    1308396.92499511,
    1326534.7505158556,
    1342024.3457937848,
    1348924.188328499,
    1343924.188328499,
    1338924.188328499,
    1335701.9369509076,
    1330701.9369509076,
    1325701.9369509076,
    1320701.9369509076,
    1315701.9369509076,
    1310701.9369509076,
    1305701.9369509076,
    1315295.510713212,
    1310295.510713212,
    1305295.510713212,
    1321853.0489430302,
    1318983.2368794591,
    1318023.3969889218,
    1316692.6432704888,
    1339526.2781547038,
    1351115.1922487963,
    1363949.561338232,
    1358949.561338232,
    1353949.561338232,
    1348949.561338232,
    1368316.1169306939,
    1384180.4264534987,
    1379180.4264534987,
    1389054.137086122,
    1384054.137086122,
    1379054.137086122,
    1374054.137086122,
    1408644.7350778289,
    1403644.7350778289,
    1424673.564457836,
    1419673.564457836,
    1418111.5735422985,
    1413912.9067863664,
    1408912.9067863664,
    1403912.9067863664,
    1398912.9067863664,
    1407491.1751731199,
    1411973.1079825992,
    1412650.1826276255,
    1407650.1826276255,
    1444011.8525389384,
    1439011.8525389384,
    1434011.8525389384,
    1426380.6629651904,
    1453525.9410425285,
    1456370.0053557493,
    1451370.0053557493,
    1446370.0053557493,
    1441370.0053557493,
    1436370.0053557493,
    1431370.0053557493,
    1426370.0053557493,
    1421370.0053557493,
    1427828.7308755156,
    1430804.7348852893,
    1428726.930363493,
    1437601.252887203,
    1432601.252887203,
    1427601.252887203,
    1422601.252887203,
    1417601.252887203,
    1412601.252887203,
    1407601.252887203,
    1402601.252887203,
    1397601.252887203,
    1392601.252887203,
    1394103.5714260503,
    1389103.5714260503,
    1384103.5714260503,
    1379103.5714260503,
    1374103.5714260503,
    1403438.1522302125,
    1398438.1522302125,
    1393438.1522302125,
    1436579.2541730371,
    1433510.913866203,
    1428510.913866203,
    1423510.913866203,
    1418510.913866203,
    1413510.913866203,
    1408510.913866203,
    1427888.4660050848,
    1422888.4660050848,
    1417888.4660050848,
    1412888.4660050848,
    1424418.7510193177,
    1419418.7510193177,
