{
  "metrics": {
    "Variant": "0.50% stop, ATR\u00d73.0",
    "Capital_Risked": "5.0%",
    "Trades": 1237,
    "Win_rate_pct": 28.0,
    "Win_Loss_ratio": 3.0,
    "Cum_return_pct": 1509.0,
    "Max_DD_pct": 11.0,
    "Max_consec_losses": 26,
    "Max_consec_wins": 7,
    "Win_rate_30d_pct": 32.0,
    "Trades_30d": 19,
    "PnL_30d": -3971.0,
    "Win_rate_7d_pct": 50.0,
    "Trades_7d": 4,
    "PnL_7d": 2865.0,
    "Win_rate_3m_pct": 32.0,
    "Trades_3m": 19,
    "PnL_3m": -3971.0
  },
  "live_position": null,
  "equity_curve": [
    1333088.891863203,
    1341629.7420819963,
    1336629.7420819963,
    1331629.7420819963,
    1326629.7420819963,
    1321629.7420819963,
    1316629.7420819963,
    1311629.7420819963,
    1306629.7420819963,
    1301629.7420819963,
    1296629.7420819963,
    1291629.7420819963,
    1286629.7420819963,
    1281629.7420819963,
    1276629.7420819963,
    1271629.7420819963,
    1266629.7420819963,
    1262107.1138148133,
    1266552.2302345291,
    1263763.3915546788,
    1259042.2656331658,
    1254042.2656331658,
    1251124.4785744096,
    1241727.9665834492,
    1236727.9665834492,
    1231727.9665834492,
    1226727.9665834492,
    1221727.9665834492,
    1235301.9525725278,
    1230301.9525725278,
    1232533.8747095226,
    1227533.8747095226,
    1224963.4033601694,
    1238821.4688415553,
    1233821.4688415553,
    1228821.4688415553,
    1239705.6524699945,
    1234705.6524699945,
    1232728.5327259635,
    1241865.8367628795,
    1257701.4006900468,
    1252701.4006900468,
    1247701.4006900468,
    1247603.2652631577,
    1242603.2652631577,
    1237603.2652631577,
    1232603.2652631577,
    1227603.2652631577,
    1222603.2652631577,
    1217603.2652631577,
    1226763.0883838148,
    1221763.0883838148,
    1234735.1843953521,
    1229735.1843953521,
    1230946.2599299673,
    1252409.3086942278,
    1247409.3086942278,
    1242409.3086942278,
    1247991.2773506816,
    1242991.2773506816,
    1237991.2773506816,
    1232991.2773506816,
    1258852.402651711,
    1253852.402651711,
    1272887.1589935576,
    1293089.570405282,
    1284696.1412612405,
    1279696.1412612405,
    1274696.1412612405,
    1269696.1412612405,
    1264696.1412612405,
    1273666.4002954587,
    1268666.4002954587,
    1263666.4002954587,
    1258666.4002954587,
    1253666.4002954587,
    1248666.4002954587,
    1243666.4002954587,
    1238666.4002954587,
    1245167.9203267624,
    1240167.9203267624,
    1251203.4149729086,
    1274704.0277603148,
    1293065.5236488269,
    1288065.5236488269,
    1283065.5236488269,
    1278065.5236488269,
    1289507.7881388676,
    1284507.7881388676,
    1279507.7881388676,
    1274507.7881388676,
    1269507.7881388676,
    1302829.4642216384,
    1297829.4642216384,
    1349849.2127555537,
    1344849.2127555537,
    1339849.2127555537,
    1334849.2127555537,
    1329849.2127555537,
    1327596.0344584303,
    1322596.0344584303,
    1317596.0344584303,
    1312596.0344584303,
    1307596.0344584303,
    1302596.0344584303,
    1304383.9776490654,
    1299383.9776490654,
    1317620.2944166453,
    1312620.2944166453,
    1307620.2944166453,
    1302620.2944166453,
    1297620.2944166453,
    1292620.2944166453,
    1292603.8592124379,
    1293757.90930445,
    1288757.90930445,
    1300476.2227613528,
    1295476.2227613528,
    1290476.2227613528,
    1312924.1385522422,
    1307924.1385522422,
    1302924.1385522422,
    1297924.1385522422,
    1301266.4306065459,
    1296266.4306065459,
    1291266.4306065459,
    1286266.4306065459,
    1281266.4306065459,
    1276266.4306065459,
    1271266.4306065459,
    1275917.7644178818,
    1270610.0818643975,
    1270047.7608845532,
    1265047.7608845532,
    1278556.6449752157,
    1294728.8758218698,
    1289728.8758218698,
    1315400.4363601392,
    1310400.4363601392,
    1335306.2678333537,
    1330306.2678333537,
    1324039.96590575,
    1319039.96590575,
    1314039.96590575,
    1309039.96590575,
    1306194.098702404,
    1301194.098702404,
    1312913.6617449918,
    1307913.6617449918,
    1321356.7008812116,
    1316356.7008812116,
    1311356.7008812116,
    1306356.7008812116,
    1301356.7008812116,
    1296356.7008812116,
    1292062.4119601517,
    1287062.4119601517,
    1282062.4119601517,
    1277062.4119601517,
    1288930.730915085,
    1318298.8709328836,
    1313298.8709328836,
    1308298.8709328836,
    1309250.4588952959,
    1304250.4588952959,
    1299250.4588952959,
    1294250.4588952959,
    1299175.1662569102,
    1294175.1662569102,
    1289175.1662569102,
    1300700.6558629682,
    1295700.6558629682,
    1290700.6558629682,
    1285700.6558629682,
    1280232.2389108755,
    1297545.1071730417,
    1292545.1071730417,
    1303111.4754629873,
    1298111.4754629873,
    1293111.4754629873,
    1291751.3596012658,
    1286751.3596012658,
    1281751.3596012658,
    1289086.6816219026,
    1284086.6816219026,
    1279086.6816219026,
    1274086.6816219026,
    1275652.2918744131,
    1270652.2918744131,
    1265652.2918744131,
    1260652.2918744131,
    1255652.2918744131,
    1277679.4941108495,
    1272679.4941108495,
    1267679.4941108495,
    1269472.9097135651,
    1264472.9097135651,
    1259472.9097135651,
    1254472.9097135651,
    1266197.1473798738,
    1261197.1473798738,
    1256197.1473798738,
    1251197.1473798738,
    1248479.1901174085,
    1247100.1411348518,
    1242100.1411348518,
    1237100.1411348518,
    1261126.5463921144,
    1256126.5463921144,
    1251126.5463921144,
    1246126.5463921144,
    1236057.910344583,
    1231057.910344583,
    1249087.912595775,
    1244087.912595775,
    1251795.3624777638,
    1266010.5498991543,
    1284148.3754199,
    1299637.9706978293,
    1306537.8132325434,
    1301537.8132325434,
    1296537.8132325434,
    1293315.561854952,
    1288315.561854952,
    1283315.561854952,
    1278315.561854952,
    1273315.561854952,
    1268315.561854952,
    1263315.561854952,
    1272909.1356172564,
    1267909.1356172564,
    1262909.1356172564,
    1279466.6738470746,
    1276596.8617835036,
    1275637.0218929662,
    1274306.2681745333,
    1297139.9030587482,
    1308728.8171528408,
    1321563.1862422763,
    1316563.1862422763,
    1311563.1862422763,
    1306563.1862422763,
    1325929.7418347383,
    1341794.051357543,
    1336794.051357543,
    1346667.7619901665,
    1341667.7619901665,
    1336667.7619901665,
    1331667.7619901665,
    1366258.3599818733,
    1361258.3599818733,
    1382287.1893618805,
    1377287.1893618805,
    1375725.198446343,
    1371526.5316904108,
    1366526.5316904108,
    1361526.5316904108,
    1356526.5316904108,
    1365104.8000771643,
    1369586.7328866436,
    1370263.80753167,
    1365263.80753167,
    1401625.4774429828,
    1396625.4774429828,
    1391625.4774429828,
    1383994.2878692348,
    1411139.565946573,
    1413983.6302597937,
    1408983.6302597937,
    1403983.6302597937,
    1398983.6302597937,
    1393983.6302597937,
    1388983.6302597937,
    1383983.6302597937,
    1378983.6302597937,
    1385442.35577956,
    1388418.3597893338,
    1386340.5552675375,
    1395214.8777912473,
    1390214.8777912473,
    1385214.8777912473,
    1380214.8777912473,
    1375214.8777912473,
    1370214.8777912473,
    1365214.8777912473,
    1360214.8777912473,
    1355214.8777912473,
    1350214.8777912473,
    1351717.1963300947,
    1346717.1963300947,
    1341717.1963300947,
    1336717.1963300947,
    1331717.1963300947,
    1361051.777134257,
    1356051.777134257,
    1351051.777134257,
    1394192.8790770816,
    1391124.5387702475,
    1386124.5387702475,
    1381124.5387702475,
    1376124.5387702475,
    1371124.5387702475,
    1366124.5387702475,
    1385502.0909091292,
    1380502.0909091292,
    1375502.0909091292,
    1370502.0909091292,
    1382032.375923362,
    1377032.375923362,
    1372032.375923362,
    1382730.6753858242,
    1377730.6753858242,
