{
  "metrics": {
    "Variant": "0.50% stop, ATR\u00d73.0",
    "Capital_Risked": "5.0%",
    "Trades": 1235,
    "Win_rate_pct": 28.0,
    "Win_Loss_ratio": 3.0,
    "Cum_return_pct": 1519.0,
    "Max_DD_pct": 11.0,
    "Max_consec_losses": 25,
    "Max_consec_wins": 7,
    "Win_rate_30d_pct": 32.0,
    "Trades_30d": 19,
    "PnL_30d": -3971.0,
    "Win_rate_7d_pct": 50.0,
    "Trades_7d": 4,
    "PnL_7d": 2865.0,
    "Win_rate_3m_pct": 32.0,
    "Trades_3m": 19,
    "PnL_3m": -3971.0
  },
  "live_position": null,
  "equity_curve": [
    1343088.891863203,
    1351629.7420819963,
    1346629.7420819963,
    1341629.7420819963,
    1336629.7420819963,
    1331629.7420819963,
    1326629.7420819963,
    1321629.7420819963,
    1316629.7420819963,
    1311629.7420819963,
    1306629.7420819963,
    1301629.7420819963,
    1296629.7420819963,
    1291629.7420819963,
    1286629.7420819963,
    1281629.7420819963,
    1276629.7420819963,
    1272107.1138148133,
    1276552.2302345291,
    1273763.3915546788,
    1269042.2656331658,
    1264042.2656331658,
    1261124.4785744096,
    1251727.9665834492,
    1246727.9665834492,
    1241727.9665834492,
    1236727.9665834492,
    1231727.9665834492,
    1245301.9525725278,
    1240301.9525725278,
    1242533.8747095226,
    1237533.8747095226,
    1234963.4033601694,
    1248821.4688415553,
    1243821.4688415553,
    1238821.4688415553,
    1249705.6524699945,
    1244705.6524699945,
    1242728.5327259635,
    1251865.8367628795,
    1267701.4006900468,
    1262701.4006900468,
    1257701.4006900468,
    1257603.2652631577,
    1252603.2652631577,
    1247603.2652631577,
    1242603.2652631577,
    1237603.2652631577,
    1232603.2652631577,
    1227603.2652631577,
    1236763.0883838148,
    1231763.0883838148,
    1244735.1843953521,
    1239735.1843953521,
    1240946.2599299673,
    1262409.3086942278,
    1257409.3086942278,
    1252409.3086942278,
    1257991.2773506816,
    1252991.2773506816,
    1247991.2773506816,
    1242991.2773506816,
    1268852.402651711,
    1263852.402651711,
    1282887.1589935576,
    1303089.570405282,
    1294696.1412612405,
    1289696.1412612405,
    1284696.1412612405,
    1279696.1412612405,
    1274696.1412612405,
    1283666.4002954587,
    1278666.4002954587,
    1273666.4002954587,
    1268666.4002954587,
    1263666.4002954587,
    1258666.4002954587,
    1253666.4002954587,
    1248666.4002954587,
    1255167.9203267624,
    1250167.9203267624,
    1261203.4149729086,
    1284704.0277603148,
    1303065.5236488269,
    1298065.5236488269,
    1293065.5236488269,
    1288065.5236488269,
    1299507.7881388676,
    1294507.7881388676,
    1289507.7881388676,
    1284507.7881388676,
    1279507.7881388676,
    1312829.4642216384,
    1307829.4642216384,
    1359849.2127555537,
    1354849.2127555537,
    1349849.2127555537,
    1344849.2127555537,
    1339849.2127555537,
    1337596.0344584303,
    1332596.0344584303,
    1327596.0344584303,
    1322596.0344584303,
    1317596.0344584303,
    1312596.0344584303,
    1314383.9776490654,
    1309383.9776490654,
    1327620.2944166453,
    1322620.2944166453,
    1317620.2944166453,
    1312620.2944166453,
    1307620.2944166453,
    1302620.2944166453,
    1302603.8592124379,
    1303757.90930445,
    1298757.90930445,
    1310476.2227613528,
    1305476.2227613528,
    1300476.2227613528,
    1322924.1385522422,
    1317924.1385522422,
    1312924.1385522422,
    1307924.1385522422,
    1311266.4306065459,
    1306266.4306065459,
    1301266.4306065459,
    1296266.4306065459,
    1291266.4306065459,
    1286266.4306065459,
    1281266.4306065459,
    1285917.7644178818,
    1280610.0818643975,
    1280047.7608845532,
    1275047.7608845532,
    1288556.6449752157,
    1304728.8758218698,
    1299728.8758218698,
    1325400.4363601392,
    1320400.4363601392,
    1345306.2678333537,
    1340306.2678333537,
    1334039.96590575,
    1329039.96590575,
    1324039.96590575,
    1319039.96590575,
    1316194.098702404,
    1311194.098702404,
    1322913.6617449918,
    1317913.6617449918,
    1331356.7008812116,
    1326356.7008812116,
    1321356.7008812116,
    1316356.7008812116,
    1311356.7008812116,
    1306356.7008812116,
    1302062.4119601517,
    1297062.4119601517,
    1292062.4119601517,
    1287062.4119601517,
    1298930.730915085,
    1328298.8709328836,
    1323298.8709328836,
    1318298.8709328836,
    1319250.4588952959,
    1314250.4588952959,
    1309250.4588952959,
    1304250.4588952959,
    1309175.1662569102,
    1304175.1662569102,
    1299175.1662569102,
    1310700.6558629682,
    1305700.6558629682,
    1300700.6558629682,
    1295700.6558629682,
    1290232.2389108755,
    1307545.1071730417,
    1302545.1071730417,
    1313111.4754629873,
    1308111.4754629873,
    1303111.4754629873,
    1301751.3596012658,
    1296751.3596012658,
    1291751.3596012658,
    1299086.6816219026,
    1294086.6816219026,
    1289086.6816219026,
    1284086.6816219026,
    1285652.2918744131,
    1280652.2918744131,
    1275652.2918744131,
    1270652.2918744131,
    1265652.2918744131,
    1287679.4941108495,
    1282679.4941108495,
    1277679.4941108495,
    1279472.9097135651,
    1274472.9097135651,
    1269472.9097135651,
    1264472.9097135651,
    1276197.1473798738,
    1271197.1473798738,
    1266197.1473798738,
    1261197.1473798738,
    1258479.1901174085,
    1257100.1411348518,
    1252100.1411348518,
    1247100.1411348518,
    1271126.5463921144,
    1266126.5463921144,
    1261126.5463921144,
    1256126.5463921144,
    1246057.910344583,
    1241057.910344583,
    1259087.912595775,
    1254087.912595775,
    1261795.3624777638,
    1276010.5498991543,
    1294148.3754199,
    1309637.9706978293,
    1316537.8132325434,
    1311537.8132325434,
    1306537.8132325434,
    1303315.561854952,
    1298315.561854952,
    1293315.561854952,
    1288315.561854952,
    1283315.561854952,
    1278315.561854952,
    1273315.561854952,
    1282909.1356172564,
    1277909.1356172564,
    1272909.1356172564,
    1289466.6738470746,
    1286596.8617835036,
    1285637.0218929662,
    1284306.2681745333,
    1307139.9030587482,
    1318728.8171528408,
    1331563.1862422763,
    1326563.1862422763,
    1321563.1862422763,
    1316563.1862422763,
    1335929.7418347383,
    1351794.051357543,
    1346794.051357543,
    1356667.7619901665,
    1351667.7619901665,
    1346667.7619901665,
    1341667.7619901665,
    1376258.3599818733,
    1371258.3599818733,
    1392287.1893618805,
    1387287.1893618805,
    1385725.198446343,
    1381526.5316904108,
    1376526.5316904108,
    1371526.5316904108,
    1366526.5316904108,
    1375104.8000771643,
    1379586.7328866436,
    1380263.80753167,
    1375263.80753167,
    1411625.4774429828,
    1406625.4774429828,
    1401625.4774429828,
    1393994.2878692348,
    1421139.565946573,
    1423983.6302597937,
    1418983.6302597937,
    1413983.6302597937,
    1408983.6302597937,
    1403983.6302597937,
    1398983.6302597937,
    1393983.6302597937,
    1388983.6302597937,
    1395442.35577956,
    1398418.3597893338,
    1396340.5552675375,
    1405214.8777912473,
    1400214.8777912473,
    1395214.8777912473,
    1390214.8777912473,
    1385214.8777912473,
    1380214.8777912473,
    1375214.8777912473,
    1370214.8777912473,
    1365214.8777912473,
    1360214.8777912473,
    1361717.1963300947,
    1356717.1963300947,
    1351717.1963300947,
    1346717.1963300947,
    1341717.1963300947,
    1371051.777134257,
    1366051.777134257,
    1361051.777134257,
    1404192.8790770816,
    1401124.5387702475,
    1396124.5387702475,
    1391124.5387702475,
    1386124.5387702475,
    1381124.5387702475,
    1376124.5387702475,
    1395502.0909091292,
    1390502.0909091292,
    1385502.0909091292,
    1380502.0909091292,
    1392032.375923362,
    1387032.375923362,
    1382032.375923362,
    1392730.6753858242,
    1387730.6753858242,
