{
  "metrics": {
    "Variant": "0.50% stop, ATR\u00d73.0",
    "Capital_Risked": "5.0%",
    "Trades": 1239,
    "Win_rate_pct": 28.0,
    "Win_Loss_ratio": 3.0,
    "Cum_return_pct": 1519.0,
    "Max_DD_pct": 11.0,
    "Max_consec_losses": 26,
    "Max_consec_wins": 7,
    "Win_rate_30d_pct": 27.0,
    "Trades_30d": 15,
    "PnL_30d": -6836.0,
    "Win_rate_7d_pct": 20.0,
    "Trades_7d": 10,
    "PnL_7d": -17083.0,
    "Win_rate_3m_pct": 27.0,
    "Trades_3m": 15,
    "PnL_3m": -6836.0
  },
  "live_position": null,
  "equity_curve": [
    1320099.0332983558,
    1326557.9568111037,
    1355601.1395475161,
    1364141.9897663095,
    1359141.9897663095,
    1354141.9897663095,
    1349141.9897663095,
    1344141.9897663095,
    1339141.9897663095,
    1334141.9897663095,
    1329141.9897663095,
    1324141.9897663095,
    1319141.9897663095,
    1314141.9897663095,
    1309141.9897663095,
    1304141.9897663095,
    1299141.9897663095,
    1294141.9897663095,
    1289141.9897663095,
    1284619.3614991265,
    1289064.4779188423,
    1286275.639238992,
    1281554.513317479,
    1276554.513317479,
    1273636.7262587228,
    1264240.2142677624,
    1259240.2142677624,
    1254240.2142677624,
    1249240.2142677624,
    1244240.2142677624,
    1257814.200256841,
    1252814.200256841,
    1255046.1223938358,
    1250046.1223938358,
    1247475.6510444826,
    1261333.7165258685,
    1256333.7165258685,
    1251333.7165258685,
    1262217.9001543077,
    1257217.9001543077,
    1255240.7804102767,
    1264378.0844471927,
    1280213.64837436,
    1275213.64837436,
    1270213.64837436,
    1270115.5129474709,
    1265115.5129474709,
    1260115.5129474709,
    1255115.5129474709,
    1250115.5129474709,
    1245115.5129474709,
    1240115.5129474709,
    1249275.336068128,
    1244275.336068128,
    1257247.4320796654,
    1252247.4320796654,
    1253458.5076142806,
    1274921.556378541,
    1269921.556378541,
    1264921.556378541,
    1270503.5250349948,
    1265503.5250349948,
    1260503.5250349948,
    1255503.5250349948,
    1281364.6503360241,
    1276364.6503360241,
    1295399.4066778708,
    1315601.8180895953,
    1307208.3889455537,
    1302208.3889455537,
    1297208.3889455537,
    1292208.3889455537,
    1287208.3889455537,
    1296178.647979772,
    1291178.647979772,
    1286178.647979772,
    1281178.647979772,
    1276178.647979772,
    1271178.647979772,
    1266178.647979772,
    1261178.647979772,
    1267680.1680110756,
    1262680.1680110756,
    1273715.6626572218,
    1297216.275444628,
    1315577.77133314,
    1310577.77133314,
    1305577.77133314,
    1300577.77133314,
    1312020.0358231808,
    1307020.0358231808,
    1302020.0358231808,
    1297020.0358231808,
    1292020.0358231808,
    1325341.7119059516,
    1320341.7119059516,
    1372361.4604398669,
    1367361.4604398669,
    1362361.4604398669,
    1357361.4604398669,
    1352361.4604398669,
    1350108.2821427435,
    1345108.2821427435,
    1340108.2821427435,
    1335108.2821427435,
    1330108.2821427435,
    1325108.2821427435,
    1326896.2253333787,
    1321896.2253333787,
    1340132.5421009585,
    1335132.5421009585,
    1330132.5421009585,
    1325132.5421009585,
    1320132.5421009585,
    1315132.5421009585,
    1315116.106896751,
    1316270.1569887633,
    1311270.1569887633,
    1322988.470445666,
    1317988.470445666,
    1312988.470445666,
    1335436.3862365554,
    1330436.3862365554,
    1325436.3862365554,
    1320436.3862365554,
    1323778.678290859,
    1318778.678290859,
    1313778.678290859,
    1308778.678290859,
    1303778.678290859,
    1298778.678290859,
    1293778.678290859,
    1298430.012102195,
    1293122.3295487107,
    1292560.0085688664,
    1287560.0085688664,
    1301068.8926595289,
    1317241.123506183,
    1312241.123506183,
    1337912.6840444524,
    1332912.6840444524,
    1357818.515517667,
    1352818.515517667,
    1346552.2135900632,
    1341552.2135900632,
    1336552.2135900632,
    1331552.2135900632,
    1328706.3463867172,
    1323706.3463867172,
    1335425.909429305,
    1330425.909429305,
    1343868.9485655248,
    1338868.9485655248,
    1333868.9485655248,
    1328868.9485655248,
    1323868.9485655248,
    1318868.9485655248,
    1313868.9485655248,
    1309574.659644465,
    1304574.659644465,
    1299574.659644465,
    1294574.659644465,
    1306442.9785993982,
    1335811.1186171968,
    1330811.1186171968,
    1325811.1186171968,
    1326762.706579609,
    1321762.706579609,
    1316762.706579609,
    1311762.706579609,
    1316687.4139412234,
    1311687.4139412234,
    1306687.4139412234,
    1318212.9035472814,
    1313212.9035472814,
    1308212.9035472814,
    1303212.9035472814,
    1297744.4865951887,
    1315057.354857355,
    1310057.354857355,
    1320623.7231473005,
    1315623.7231473005,
    1310623.7231473005,
    1309263.607285579,
    1304263.607285579,
    1299263.607285579,
    1306598.9293062158,
    1301598.9293062158,
    1296598.9293062158,
    1291598.9293062158,
    1293164.5395587264,
    1288164.5395587264,
    1283164.5395587264,
    1278164.5395587264,
    1273164.5395587264,
    1295191.7417951627,
    1290191.7417951627,
    1285191.7417951627,
    1286985.1573978784,
    1281985.1573978784,
    1276985.1573978784,
    1271985.1573978784,
    1283709.395064187,
    1278709.395064187,
    1273709.395064187,
    1268709.395064187,
    1265991.4378017217,
    1264612.388819165,
    1259612.388819165,
    1254612.388819165,
    1278638.7940764276,
    1273638.7940764276,
    1268638.7940764276,
    1263638.7940764276,
    1253570.1580288962,
    1248570.1580288962,
    1266600.1602800882,
    1261600.1602800882,
    1269307.610162077,
    1283522.7975834676,
    1301660.6231042133,
    1317150.2183821425,
    1324050.0609168566,
    1319050.0609168566,
    1314050.0609168566,
    1310827.8095392652,
    1305827.8095392652,
    1300827.8095392652,
    1295827.8095392652,
    1290827.8095392652,
    1285827.8095392652,
    1280827.8095392652,
    1290421.3833015696,
    1285421.3833015696,
    1280421.3833015696,
    1296978.9215313878,
    1294109.1094678168,
    1293149.2695772795,
    1291818.5158588465,
    1314652.1507430614,
    1326241.064837154,
    1339075.4339265896,
    1334075.4339265896,
    1329075.4339265896,
    1324075.4339265896,
    1343441.9895190515,
    1359306.2990418563,
    1354306.2990418563,
    1364180.0096744797,
    1359180.0096744797,
    1354180.0096744797,
    1349180.0096744797,
    1383770.6076661865,
    1378770.6076661865,
    1399799.4370461938,
    1394799.4370461938,
    1393237.4461306562,
    1389038.779374724,
    1384038.779374724,
    1379038.779374724,
    1374038.779374724,
    1382617.0477614775,
    1387098.9805709568,
    1387776.0552159832,
    1382776.0552159832,
    1419137.725127296,
    1414137.725127296,
    1409137.725127296,
    1401506.535553548,
    1428651.8136308861,
    1431495.877944107,
    1426495.877944107,
    1421495.877944107,
    1416495.877944107,
    1411495.877944107,
    1406495.877944107,
    1401495.877944107,
    1396495.877944107,
    1402954.6034638733,
    1405930.607473647,
    1403852.8029518507,
    1412727.1254755605,
    1407727.1254755605,
    1402727.1254755605,
    1397727.1254755605,
    1392727.1254755605,
    1387727.1254755605,
    1382727.1254755605,
    1377727.1254755605,
    1372727.1254755605,
    1367727.1254755605,
    1369229.444014408,
    1364229.444014408,
    1359229.444014408,
    1354229.444014408,
    1349229.444014408,
    1378564.0248185701,
    1373564.0248185701,
    1368564.0248185701,
    1411705.1267613948,
    1408636.7864545607,
    1403636.7864545607,
    1398636.7864545607,
    1393636.7864545607,
    1388636.7864545607,
    1383636.7864545607,
    1403014.3385934425,
    1398014.3385934425,
    1393014.3385934425,
    1388014.3385934425,
    1399544.6236076753,
    1394544.6236076753,
    1389544.6236076753,
    1400242.9230701374,
